{
  "name": "angular-route",
  "version": "1.6.1",
  "license": "MIT",
  "main": "./angular-route.js",
  "ignore": [],
  "dependencies": {
    "angular": "1.6.1"
  },
  "homepage": "https://github.com/angular/bower-angular-route",
  "_release": "1.6.1",
  "_resolution": {
    "type": "version",
    "tag": "v1.6.1",
    "commit": "409c45cfc589d66457f7cbb11aa1fc47f8dbbf78"
  },
  "_source": "https://github.com/angular/bower-angular-route.git",
  "_target": "1.6.1",
  "_originalSource": "angular-route"
}